<?xml version="1.0" encoding="utf-8"?>
<search> 
  
  
    
    <entry>
      <title>Mysql Select</title>
      <link href="posts/35760.html"/>
      <url>posts/35760.html</url>
      
        <content type="html"><![CDATA[<p>mysql select 命令练习学习笔记</p><p>本人学习笔记数据来源：b站视频<a href="https://www.bilibili.com/video/av39807944/?p=1">https://www.bilibili.com/video/av39807944/?p=1</a></p><h2 id="新建数据库、数据表"><a href="#新建数据库、数据表" class="headerlink" title="新建数据库、数据表"></a>新建数据库、数据表</h2><h3 id="新建数据库，数据表，打造查询环境"><a href="#新建数据库，数据表，打造查询环境" class="headerlink" title="新建数据库，数据表，打造查询环境"></a>新建数据库，数据表，打造查询环境</h3><pre class="line-numbers language-mysql" data-language="mysql"><code class="language-mysql">create database selectTest;use selectTest;create table student(s_no varchar(20) primary key comment'学生学号',  s_name varchar(20) not null comment'学生姓名 不为空',  s_gender varchar(1) not null comment'学生性别',  s_birthday datetime comment'学生生日',  s_class varchar(20) comment'学生所在的班级');create table teacher(t_no varchar(20) primary key comment'教师编号',  t_name varchar(20) not null comment'教师姓名',  t_gender varchar(20) not null comment'教师性别',  t_birthday datetime comment'教师生日',  t_rof varchar(20) not null comment'教师职称',  t_depart varchar(20) not null comment'教师所在的部门');create table course(c_no varchar(20) primary key comment'课程号',  c_name varchar(20) not null comment'课程名称',  t_no varchar(20) not null comment'教师编号 外键关联teacher表',  foreign key(t_no) references teacher(t_no));create table score(s_no varchar(20) not null comment'成绩表的编号 依赖学生学号',  c_no varchar(20) not null comment'课程号 依赖课程表c_id',  sc_degree decimal,  foreign key(s_no) references student(s_no),  foreign key(c_no) references course(c_no),  primary key(s_no,c_no));<span aria-hidden="true" class="line-numbers-rows"><span></span><span></span><span></span><span></span><span></span><span></span><span></span><span></span><span></span><span></span><span></span><span></span><span></span><span></span><span></span><span></span><span></span><span></span><span></span><span></span><span></span><span></span><span></span><span></span><span></span><span></span><span></span><span></span><span></span><span></span><span></span></span></code></pre><h3 id="查看创建的表及其表结构"><a href="#查看创建的表及其表结构" class="headerlink" title="查看创建的表及其表结构"></a>查看创建的表及其表结构</h3><pre class="line-numbers language-mysql" data-language="mysql"><code class="language-mysql">mysql&gt; show tables;+----------------------+| Tables_in_selecttest |+----------------------+| course               || score                || student              || teacher              |+----------------------+4 rows in set (0.00 sec)mysql&gt; desc student;+------------+-------------+------+-----+---------+-------+| Field      | Type        | Null | Key | Default | Extra |+------------+-------------+------+-----+---------+-------+| s_no       | varchar(20) | NO   | PRI | NULL    |       || s_name     | varchar(20) | NO   |     | NULL    |       || s_gender   | varchar(1)  | NO   |     | NULL    |       || s_birthday | datetime    | YES  |     | NULL    |       || s_class    | varchar(20) | YES  |     | NULL    |       |+------------+-------------+------+-----+---------+-------+5 rows in set (0.00 sec)mysql&gt; desc teacher;+------------+-------------+------+-----+---------+-------+| Field      | Type        | Null | Key | Default | Extra |+------------+-------------+------+-----+---------+-------+| t_no       | varchar(20) | NO   | PRI | NULL    |       || t_name     | varchar(20) | NO   |     | NULL    |       || t_gender   | varchar(20) | NO   |     | NULL    |       || t_birthday | datetime    | YES  |     | NULL    |       || t_rof      | varchar(20) | NO   |     | NULL    |       || t_depart   | varchar(20) | NO   |     | NULL    |       |+------------+-------------+------+-----+---------+-------+6 rows in set (0.00 sec)mysql&gt; desc course;+--------+-------------+------+-----+---------+-------+| Field  | Type        | Null | Key | Default | Extra |+--------+-------------+------+-----+---------+-------+| c_no   | varchar(20) | NO   | PRI | NULL    |       || c_name | varchar(20) | NO   |     | NULL    |       || t_no   | varchar(20) | NO   | MUL | NULL    |       |+--------+-------------+------+-----+---------+-------+3 rows in set (0.01 sec)mysql&gt; desc score;+-----------+---------------+------+-----+---------+-------+| Field     | Type          | Null | Key | Default | Extra |+-----------+---------------+------+-----+---------+-------+| s_no      | varchar(20)   | NO   | PRI | NULL    |       || c_no      | varchar(20)   | NO   | PRI | NULL    |       || sc_degree | decimal(10,0) | YES  |     | NULL    |       |+-----------+---------------+------+-----+---------+-------+3 rows in set (0.01 sec)<span aria-hidden="true" class="line-numbers-rows"><span></span><span></span><span></span><span></span><span></span><span></span><span></span><span></span><span></span><span></span><span></span><span></span><span></span><span></span><span></span><span></span><span></span><span></span><span></span><span></span><span></span><span></span><span></span><span></span><span></span><span></span><span></span><span></span><span></span><span></span><span></span><span></span><span></span><span></span><span></span><span></span><span></span><span></span><span></span><span></span><span></span><span></span><span></span><span></span><span></span><span></span><span></span><span></span><span></span><span></span><span></span><span></span><span></span><span></span><span></span></span></code></pre><p>注：decimal 数据类型 用于在数据库中存储精确的数值。常将其用于保留准确精确度的列，例如会计系统中的货币数据。</p><p>用法：</p><pre class="line-numbers language-mysql" data-language="mysql"><code class="language-mysql">column_name decimal(P,D);<span aria-hidden="true" class="line-numbers-rows"><span></span></span></code></pre><p>说明：P 表示有效数字数的精确度。P的范围是1—65。</p><p>​          D 表示小数点后的位数。D的范围是0—30。</p><p>​          Mysql要求D &lt;= P</p><h3 id="向表中添加测试数据"><a href="#向表中添加测试数据" class="headerlink" title="向表中添加测试数据"></a>向表中添加测试数据</h3><pre class="line-numbers language-mysql" data-language="mysql"><code class="language-mysql">INSERT INTO student VALUES('101','曾华','男','1977-09-01','95033');INSERT INTO student VALUES('102','匡明','男','1975-10-02','95031');INSERT INTO student VALUES('103','王丽','女','1976-01-23','95033');INSERT INTO student VALUES('104','李军','男','1976-02-20','95033');INSERT INTO student VALUES('105','王芳','女','1975-02-10','95031');INSERT INTO student VALUES('106','陆军','男','1974-06-03','95031');INSERT INTO student VALUES('107','王尼玛','男','1976-02-20','95033');INSERT INTO student VALUES('108','张全蛋','男','1975-02-10','95031');INSERT INTO student VALUES('109','赵铁柱','男','1974-06-03','95031');INSERT INTO teacher VALUES('804','李诚','男','1958-12-02','副教授','计算机系');INSERT INTO teacher VALUES('856','张旭','男','1969-03-12','讲师','电子工程系');INSERT INTO teacher VALUES('825','王萍','女','1972-05-05','助教','计算机系');INSERT INTO teacher VALUES('831','刘冰','女','1977-08-14','助教','电子工程系');INSERT INTO course VALUES('3-105','计算机导论','825');INSERT INTO course VALUES('3-245','操作系统','804');INSERT INTO course VALUES('6-166','数字电路','856');INSERT INTO course VALUES('9-888','高等数学','831');INSERT INTO score VALUES('103','3-245','86');INSERT INTO score VALUES('105','3-245','75');INSERT INTO score VALUES('109','3-245','68');INSERT INTO score VALUES('103','3-105','92');INSERT INTO score VALUES('105','3-105','88');INSERT INTO score VALUES('109','3-105','76');INSERT INTO score VALUES('103','6-166','85');INSERT INTO score VALUES('105','6-166','79');INSERT INTO score VALUES('109','6-166','81');<span aria-hidden="true" class="line-numbers-rows"><span></span><span></span><span></span><span></span><span></span><span></span><span></span><span></span><span></span><span></span><span></span><span></span><span></span><span></span><span></span><span></span><span></span><span></span><span></span><span></span><span></span><span></span><span></span><span></span><span></span><span></span><span></span><span></span><span></span></span></code></pre><h3 id="表查询结果"><a href="#表查询结果" class="headerlink" title="表查询结果"></a>表查询结果</h3><pre class="line-numbers language-mysql" data-language="mysql"><code class="language-mysql">mysql&gt; select * from student;+------+-----------+----------+---------------------+---------+| s_no | s_name    | s_gender | s_birthday          | s_class |+------+-----------+----------+---------------------+---------+| 101  | 曾华      | 男       | 1977-09-01 00:00:00 | 95033   || 102  | 匡明      | 男       | 1975-10-02 00:00:00 | 95031   || 103  | 王丽      | 女       | 1976-01-23 00:00:00 | 95033   || 104  | 李军      | 男       | 1976-02-20 00:00:00 | 95033   || 105  | 王芳      | 女       | 1975-02-10 00:00:00 | 95031   || 106  | 陆军      | 男       | 1974-06-03 00:00:00 | 95031   || 107  | 王尼玛    | 男       | 1976-02-20 00:00:00 | 95033   || 108  | 张全蛋    | 男       | 1975-02-10 00:00:00 | 95031   || 109  | 赵铁柱    | 男       | 1974-06-03 00:00:00 | 95031   |+------+-----------+----------+---------------------+---------+9 rows in set (0.00 sec)mysql&gt; select * from teacher;+------+--------+----------+---------------------+-----------+-----------------+| t_no | t_name | t_gender | t_birthday          | t_rof     | t_depart        |+------+--------+----------+---------------------+-----------+-----------------+| 804  | 李诚   | 男       | 1958-12-02 00:00:00 | 副教授    | 计算机系        || 825  | 王萍   | 女       | 1972-05-05 00:00:00 | 助教      | 计算机系        || 831  | 刘冰   | 女       | 1977-08-14 00:00:00 | 助教      | 电子工程系      || 856  | 张旭   | 男       | 1969-03-12 00:00:00 | 讲师      | 电子工程系      |+------+--------+----------+---------------------+-----------+-----------------+4 rows in set (0.00 sec)mysql&gt; select * from course;+-------+-----------------+------+| c_no  | c_name          | t_no |+-------+-----------------+------+| 3-105 | 计算机导论      | 825  || 3-245 | 操作系统        | 804  || 6-166 | 数字电路        | 856  || 9-888 | 高等数学        | 831  |+-------+-----------------+------+4 rows in set (0.00 sec)mysql&gt; select * from score;+------+-------+-----------+| s_no | c_no  | sc_degree |+------+-------+-----------+| 103  | 3-105 |        92 || 103  | 3-245 |        86 || 103  | 6-166 |        85 || 105  | 3-105 |        88 || 105  | 3-245 |        75 || 105  | 6-166 |        79 || 109  | 3-105 |        76 || 109  | 3-245 |        68 || 109  | 6-166 |        81 |+------+-------+-----------+9 rows in set (0.00 sec)<span aria-hidden="true" class="line-numbers-rows"><span></span><span></span><span></span><span></span><span></span><span></span><span></span><span></span><span></span><span></span><span></span><span></span><span></span><span></span><span></span><span></span><span></span><span></span><span></span><span></span><span></span><span></span><span></span><span></span><span></span><span></span><span></span><span></span><span></span><span></span><span></span><span></span><span></span><span></span><span></span><span></span><span></span><span></span><span></span><span></span><span></span><span></span><span></span><span></span><span></span><span></span><span></span><span></span><span></span><span></span><span></span><span></span><span></span></span></code></pre><h2 id="查询练习"><a href="#查询练习" class="headerlink" title="查询练习"></a>查询练习</h2><h3 id="1-查询表中所有记录"><a href="#1-查询表中所有记录" class="headerlink" title="1.查询表中所有记录"></a>1.查询表中所有记录</h3><pre class="line-numbers language-mysql" data-language="mysql"><code class="language-mysql">mysql&gt; select * from student;+------+-----------+----------+---------------------+---------+| s_no | s_name    | s_gender | s_birthday          | s_class |+------+-----------+----------+---------------------+---------+| 101  | 曾华      | 男       | 1977-09-01 00:00:00 | 95033   || 102  | 匡明      | 男       | 1975-10-02 00:00:00 | 95031   || 103  | 王丽      | 女       | 1976-01-23 00:00:00 | 95033   || 104  | 李军      | 男       | 1976-02-20 00:00:00 | 95033   || 105  | 王芳      | 女       | 1975-02-10 00:00:00 | 95031   || 106  | 陆军      | 男       | 1974-06-03 00:00:00 | 95031   || 107  | 王尼玛    | 男       | 1976-02-20 00:00:00 | 95033   || 108  | 张全蛋    | 男       | 1975-02-10 00:00:00 | 95031   || 109  | 赵铁柱    | 男       | 1974-06-03 00:00:00 | 95031   |+------+-----------+----------+---------------------+---------+9 rows in set (0.00 sec)<span aria-hidden="true" class="line-numbers-rows"><span></span><span></span><span></span><span></span><span></span><span></span><span></span><span></span><span></span><span></span><span></span><span></span><span></span><span></span><span></span></span></code></pre><h3 id="2-查询student表中所有记录的s-name-s-gender和s-class列"><a href="#2-查询student表中所有记录的s-name-s-gender和s-class列" class="headerlink" title="2.查询student表中所有记录的s_name,s_gender和s_class列"></a>2.查询student表中所有记录的s_name,s_gender和s_class列</h3><pre class="line-numbers language-mysql" data-language="mysql"><code class="language-mysql">mysql&gt; select s_name,s_gender,s_class from student;+-----------+----------+---------+| s_name    | s_gender | s_class |+-----------+----------+---------+| 曾华      | 男       | 95033   || 匡明      | 男       | 95031   || 王丽      | 女       | 95033   || 李军      | 男       | 95033   || 王芳      | 女       | 95031   || 陆军      | 男       | 95031   || 王尼玛    | 男       | 95033   || 张全蛋    | 男       | 95031   || 赵铁柱    | 男       | 95031   |+-----------+----------+---------+9 rows in set (0.00 sec)<span aria-hidden="true" class="line-numbers-rows"><span></span><span></span><span></span><span></span><span></span><span></span><span></span><span></span><span></span><span></span><span></span><span></span><span></span><span></span><span></span></span></code></pre><h3 id="3-查询教师所有的单位但是不重复的t-depart列"><a href="#3-查询教师所有的单位但是不重复的t-depart列" class="headerlink" title="3.查询教师所有的单位但是不重复的t_depart列"></a>3.查询教师所有的单位但是不重复的t_depart列</h3><pre class="line-numbers language-mysql" data-language="mysql"><code class="language-mysql">mysql&gt; select distinct(t_depart) from teacher;+-----------------+| t_depart        |+-----------------+| 计算机系        || 电子工程系      |+-----------------+2 rows in set (0.00 sec)<span aria-hidden="true" class="line-numbers-rows"><span></span><span></span><span></span><span></span><span></span><span></span><span></span><span></span></span></code></pre><h3 id="4-查询score表中成绩在60-80之间所有的记录-sc-degree"><a href="#4-查询score表中成绩在60-80之间所有的记录-sc-degree" class="headerlink" title="4.查询score表中成绩在60-80之间所有的记录(sc_degree)"></a>4.查询score表中成绩在60-80之间所有的记录(sc_degree)</h3><pre class="line-numbers language-mysql" data-language="mysql"><code class="language-mysql">mysql&gt; select * from score where sc_degree between 61 and 79;+------+-------+-----------+| s_no | c_no  | sc_degree |+------+-------+-----------+| 105  | 3-245 |        75 || 105  | 6-166 |        79 || 109  | 3-105 |        76 || 109  | 3-245 |        68 |+------+-------+-----------+4 rows in set (0.00 sec)<span aria-hidden="true" class="line-numbers-rows"><span></span><span></span><span></span><span></span><span></span><span></span><span></span><span></span><span></span><span></span></span></code></pre><p> 或者</p><pre class="line-numbers language-mysql" data-language="mysql"><code class="language-mysql">mysql&gt; select * from score  where sc_degree &gt; 60 and sc_degree &lt; 80;+------+-------+-----------+| s_no | c_no  | sc_degree |+------+-------+-----------+| 105  | 3-245 |        75 || 105  | 6-166 |        79 || 109  | 3-105 |        76 || 109  | 3-245 |        68 |+------+-------+-----------+4 rows in set (0.00 sec)<span aria-hidden="true" class="line-numbers-rows"><span></span><span></span><span></span><span></span><span></span><span></span><span></span><span></span><span></span><span></span></span></code></pre><h3 id="5-查询score表中成绩为85-86-或者88的记录-sc-degree"><a href="#5-查询score表中成绩为85-86-或者88的记录-sc-degree" class="headerlink" title="5.查询score表中成绩为85, 86, 或者88的记录(sc_degree)"></a>5.查询score表中成绩为85, 86, 或者88的记录(sc_degree)</h3><pre class="line-numbers language-mysql" data-language="mysql"><code class="language-mysql">mysql&gt; select * from score where sc_degree in(85,86,88);+------+-------+-----------+| s_no | c_no  | sc_degree |+------+-------+-----------+| 103  | 3-245 |        86 || 103  | 6-166 |        85 || 105  | 3-105 |        88 |+------+-------+-----------+3 rows in set (0.00 sec)<span aria-hidden="true" class="line-numbers-rows"><span></span><span></span><span></span><span></span><span></span><span></span><span></span><span></span><span></span></span></code></pre><h3 id="6-查询student表中’95031’班或者性别为’女’的同学记录"><a href="#6-查询student表中’95031’班或者性别为’女’的同学记录" class="headerlink" title="6.查询student表中’95031’班或者性别为’女’的同学记录"></a>6.查询student表中’95031’班或者性别为’女’的同学记录</h3><pre class="line-numbers language-mysql" data-language="mysql"><code class="language-mysql">mysql&gt; select * from student where s_class = '95031' or s_gender = '女';+------+-----------+----------+---------------------+---------+| s_no | s_name    | s_gender | s_birthday          | s_class |+------+-----------+----------+---------------------+---------+| 102  | 匡明      | 男       | 1975-10-02 00:00:00 | 95031   || 103  | 王丽      | 女       | 1976-01-23 00:00:00 | 95033   || 105  | 王芳      | 女       | 1975-02-10 00:00:00 | 95031   || 106  | 陆军      | 男       | 1974-06-03 00:00:00 | 95031   || 108  | 张全蛋    | 男       | 1975-02-10 00:00:00 | 95031   || 109  | 赵铁柱    | 男       | 1974-06-03 00:00:00 | 95031   |+------+-----------+----------+---------------------+---------+6 rows in set (0.00 sec)<span aria-hidden="true" class="line-numbers-rows"><span></span><span></span><span></span><span></span><span></span><span></span><span></span><span></span><span></span><span></span><span></span><span></span></span></code></pre><h3 id="7-以class降序查询student表中所有的记录"><a href="#7-以class降序查询student表中所有的记录" class="headerlink" title="7.以class降序查询student表中所有的记录"></a>7.以class降序查询student表中所有的记录</h3><pre class="line-numbers language-mysql" data-language="mysql"><code class="language-mysql">mysql&gt; select * from student order by s_class desc;+------+-----------+----------+---------------------+---------+| s_no | s_name    | s_gender | s_birthday          | s_class |+------+-----------+----------+---------------------+---------+| 101  | 曾华      | 男       | 1977-09-01 00:00:00 | 95033   || 103  | 王丽      | 女       | 1976-01-23 00:00:00 | 95033   || 104  | 李军      | 男       | 1976-02-20 00:00:00 | 95033   || 107  | 王尼玛    | 男       | 1976-02-20 00:00:00 | 95033   || 102  | 匡明      | 男       | 1975-10-02 00:00:00 | 95031   || 105  | 王芳      | 女       | 1975-02-10 00:00:00 | 95031   || 106  | 陆军      | 男       | 1974-06-03 00:00:00 | 95031   || 108  | 张全蛋    | 男       | 1975-02-10 00:00:00 | 95031   || 109  | 赵铁柱    | 男       | 1974-06-03 00:00:00 | 95031   |+------+-----------+----------+---------------------+---------+9 rows in set (0.00 sec)<span aria-hidden="true" class="line-numbers-rows"><span></span><span></span><span></span><span></span><span></span><span></span><span></span><span></span><span></span><span></span><span></span><span></span><span></span><span></span><span></span></span></code></pre><h3 id="8-以c-no升序-sc-degree降序插叙score表中所有的数据"><a href="#8-以c-no升序-sc-degree降序插叙score表中所有的数据" class="headerlink" title="8.以c_no升序.sc_degree降序插叙score表中所有的数据"></a>8.以c_no升序.sc_degree降序插叙score表中所有的数据</h3><pre class="line-numbers language-mysql" data-language="mysql"><code class="language-mysql">mysql&gt; select * from score order by c_no asc , sc_degree desc;+------+-------+-----------+| s_no | c_no  | sc_degree |+------+-------+-----------+| 103  | 3-105 |        92 || 105  | 3-105 |        88 || 109  | 3-105 |        76 || 103  | 3-245 |        86 || 105  | 3-245 |        75 || 109  | 3-245 |        68 || 103  | 6-166 |        85 || 109  | 6-166 |        81 || 105  | 6-166 |        79 |+------+-------+-----------+9 rows in set (0.00 sec)<span aria-hidden="true" class="line-numbers-rows"><span></span><span></span><span></span><span></span><span></span><span></span><span></span><span></span><span></span><span></span><span></span><span></span><span></span><span></span><span></span></span></code></pre><p>注：升降原则：先以c_no进行升序,若c_no相同,则以sc_degree降序；</p><h3 id="9-查询’95031’班的学生人数"><a href="#9-查询’95031’班的学生人数" class="headerlink" title="9.查询’95031’班的学生人数"></a>9.查询’95031’班的学生人数</h3><pre class="line-numbers language-mysql" data-language="mysql"><code class="language-mysql">mysql&gt; select count(s_no) from student where s_class = '95031';+-------------+| count(s_no) |+-------------+|           5 |+-------------+1 row in set (0.00 sec)<span aria-hidden="true" class="line-numbers-rows"><span></span><span></span><span></span><span></span><span></span><span></span><span></span></span></code></pre><h3 id="10-查询score表中的最高分数的学生号和课程号-子查询或者排序"><a href="#10-查询score表中的最高分数的学生号和课程号-子查询或者排序" class="headerlink" title="10.查询score表中的最高分数的学生号和课程号.(子查询或者排序)"></a>10.查询score表中的最高分数的学生号和课程号.(子查询或者排序)</h3><pre class="line-numbers language-mysql" data-language="mysql"><code class="language-mysql">mysql&gt; select s_no , c_no from score where sc_degree = (select max(sc_degree) from score);+------+-------+| s_no | c_no  |+------+-------+| 103  | 3-105 |+------+-------+1 row in set (0.00 sec)<span aria-hidden="true" class="line-numbers-rows"><span></span><span></span><span></span><span></span><span></span><span></span><span></span></span></code></pre><p>  注意：用以上子查询方法一般都正确的，建议用子查询方法；</p><p>这里也有另一种方法，但是不推荐：</p><pre class="line-numbers language-mysql" data-language="mysql"><code class="language-mysql">mysql&gt; select c_no, s_no from score order by sc_degree desc limit 0,1 ;+-------+------+| c_no  | s_no |+-------+------+| 3-105 | 103  |+-------+------+1 row in set (0.00 sec)<span aria-hidden="true" class="line-numbers-rows"><span></span><span></span><span></span><span></span><span></span><span></span><span></span></span></code></pre><p>备注：limit x,y      ( x：表示从x 条数据开始  y: 需要查出多少条)</p><p>limit 0,1 表示取第一条数据；在本例中因为最高分只有一个，所以是行的通的。一旦最高分有n 个，n 未知，则 limit 则失效。所以不建议使用。</p><h3 id="11-查询每门课的平均成绩"><a href="#11-查询每门课的平均成绩" class="headerlink" title="11.查询每门课的平均成绩"></a>11.查询每门课的平均成绩</h3><pre class="line-numbers language-mysql" data-language="mysql"><code class="language-mysql">mysql&gt; select c_no ,avg(sc_degree) from score group by c_no;+-------+----------------+| c_no  | avg(sc_degree) |+-------+----------------+| 3-105 |        85.3333 || 3-245 |        76.3333 || 6-166 |        81.6667 |+-------+----------------+3 rows in set (0.00 sec)<span aria-hidden="true" class="line-numbers-rows"><span></span><span></span><span></span><span></span><span></span><span></span><span></span><span></span><span></span></span></code></pre><h3 id="12-查询score表中至少有2名学生选修的-并且以3开头的课程的平均分"><a href="#12-查询score表中至少有2名学生选修的-并且以3开头的课程的平均分" class="headerlink" title="12,查询score表中至少有2名学生选修的,并且以3开头的课程的平均分"></a>12,查询score表中至少有2名学生选修的,并且以3开头的课程的平均分</h3><pre class="line-numbers language-mysql" data-language="mysql"><code class="language-mysql">mysql&gt; select c_no , avg(sc_degree) from score group by c_no having count(c_no) &gt;=2 and c_no like '3%';+-------+----------------+| c_no  | avg(sc_degree) |+-------+----------------+| 3-105 |        85.3333 || 3-245 |        76.3333 |+-------+----------------+2 rows in set (0.00 sec)<span aria-hidden="true" class="line-numbers-rows"><span></span><span></span><span></span><span></span><span></span><span></span><span></span><span></span></span></code></pre><h3 id="13-查询分数大于70但是小于90的s-no列"><a href="#13-查询分数大于70但是小于90的s-no列" class="headerlink" title="13.查询分数大于70但是小于90的s_no列:"></a>13.查询分数大于70但是小于90的s_no列:</h3><pre class="line-numbers language-mysql" data-language="mysql"><code class="language-mysql">mysql&gt; select s_no , sc_degree  from score where sc_degree between 71 and 89;+------+-----------+| s_no | sc_degree |+------+-----------+| 103  |        86 || 103  |        85 || 105  |        88 || 105  |        75 || 105  |        79 || 109  |        76 || 109  |        81 |+------+-----------+7 rows in set (0.00 sec)<span aria-hidden="true" class="line-numbers-rows"><span></span><span></span><span></span><span></span><span></span><span></span><span></span><span></span><span></span><span></span><span></span><span></span><span></span></span></code></pre><p>或者：</p><pre class="line-numbers language-mysql" data-language="mysql"><code class="language-mysql">mysql&gt; select s_no , sc_degree  from score where sc_degree &gt; 70 and sc_degree &lt; 90;+------+-----------+| s_no | sc_degree |+------+-----------+| 103  |        86 || 103  |        85 || 105  |        88 || 105  |        75 || 105  |        79 || 109  |        76 || 109  |        81 |+------+-----------+7 rows in set (0.00 sec)<span aria-hidden="true" class="line-numbers-rows"><span></span><span></span><span></span><span></span><span></span><span></span><span></span><span></span><span></span><span></span><span></span><span></span><span></span></span></code></pre><p>进阶练习：显示s_name , c_name </p><pre class="line-numbers language-mysql" data-language="mysql"><code class="language-mysql">mysql&gt; select s_name ,sc_degree , c_name from score,student,course where score.s_no = student.s_no and score.c_no = course.c_no and sc_degree between 71 and 89;+-----------+-----------+-----------------+| s_name    | sc_degree | c_name          |+-----------+-----------+-----------------+| 王丽      |        86 | 操作系统        || 王丽      |        85 | 数字电路        || 王芳      |        88 | 计算机导论      || 王芳      |        75 | 操作系统        || 王芳      |        79 | 数字电路        || 赵铁柱    |        76 | 计算机导论      || 赵铁柱    |        81 | 数字电路        |+-----------+-----------+-----------------+7 rows in set (0.00 sec)<span aria-hidden="true" class="line-numbers-rows"><span></span><span></span><span></span><span></span><span></span><span></span><span></span><span></span><span></span><span></span><span></span><span></span><span></span></span></code></pre><h3 id="14-查询所有的学生-s-name-c-no-sc-degree列"><a href="#14-查询所有的学生-s-name-c-no-sc-degree列" class="headerlink" title="14.查询所有的学生 s_name , c_no, sc_degree列"></a>14.查询所有的学生 s_name , c_no, sc_degree列</h3><pre class="line-numbers language-mysql" data-language="mysql"><code class="language-mysql">mysql&gt; select s_name,c_no,sc_degree from student , score where student.s_no = score.s_no;+-----------+-------+-----------+| s_name    | c_no  | sc_degree |+-----------+-------+-----------+| 王丽      | 3-105 |        92 || 王丽      | 3-245 |        86 || 王丽      | 6-166 |        85 || 王芳      | 3-105 |        88 || 王芳      | 3-245 |        75 || 王芳      | 6-166 |        79 || 赵铁柱    | 3-105 |        76 || 赵铁柱    | 3-245 |        68 || 赵铁柱    | 6-166 |        81 |+-----------+-------+-----------+9 rows in set (0.00 sec)<span aria-hidden="true" class="line-numbers-rows"><span></span><span></span><span></span><span></span><span></span><span></span><span></span><span></span><span></span><span></span><span></span><span></span><span></span><span></span><span></span></span></code></pre><h3 id="15-查询所有学生的s-no-c-name-sc-degree列"><a href="#15-查询所有学生的s-no-c-name-sc-degree列" class="headerlink" title="15.查询所有学生的s_no, c_name, sc_degree列"></a>15.查询所有学生的s_no, c_name, sc_degree列</h3><pre class="line-numbers language-mysql" data-language="mysql"><code class="language-mysql">mysql&gt; select student.s_no , c_name, sc_degree from student,score,course where student.s_no = score.s_no and score.c_no = course.c_no;+------+-----------------+-----------+| s_no | c_name          | sc_degree |+------+-----------------+-----------+| 103  | 计算机导论      |        92 || 103  | 操作系统        |        86 || 103  | 数字电路        |        85 || 105  | 计算机导论      |        88 || 105  | 操作系统        |        75 || 105  | 数字电路        |        79 || 109  | 计算机导论      |        76 || 109  | 操作系统        |        68 || 109  | 数字电路        |        81 |+------+-----------------+-----------+9 rows in set (0.00 sec)<span aria-hidden="true" class="line-numbers-rows"><span></span><span></span><span></span><span></span><span></span><span></span><span></span><span></span><span></span><span></span><span></span><span></span><span></span><span></span><span></span></span></code></pre><h3 id="16-查询所有的学生-s-name-c-name-sc-degree列"><a href="#16-查询所有的学生-s-name-c-name-sc-degree列" class="headerlink" title="16.查询所有的学生 s_name , c_name, sc_degree列"></a>16.查询所有的学生 s_name , c_name, sc_degree列</h3><pre class="line-numbers language-mysql" data-language="mysql"><code class="language-mysql">mysql&gt; select s_name, c_name,sc_degree from student,score,course where student.s_no = score.s_no and score.c_no = course.c_no;+-----------+-----------------+-----------+| s_name    | c_name          | sc_degree |+-----------+-----------------+-----------+| 王丽      | 计算机导论      |        92 || 王丽      | 操作系统        |        86 || 王丽      | 数字电路        |        85 || 王芳      | 计算机导论      |        88 || 王芳      | 操作系统        |        75 || 王芳      | 数字电路        |        79 || 赵铁柱    | 计算机导论      |        76 || 赵铁柱    | 操作系统        |        68 || 赵铁柱    | 数字电路        |        81 |+-----------+-----------------+-----------+9 rows in set (0.00 sec)<span aria-hidden="true" class="line-numbers-rows"><span></span><span></span><span></span><span></span><span></span><span></span><span></span><span></span><span></span><span></span><span></span><span></span><span></span><span></span><span></span></span></code></pre><h3 id="17-查询班级是’95031’班学生每门课的平均分"><a href="#17-查询班级是’95031’班学生每门课的平均分" class="headerlink" title="17.查询班级是’95031’班学生每门课的平均分"></a>17.查询班级是’95031’班学生每门课的平均分</h3><pre class="line-numbers language-mysql" data-language="mysql"><code class="language-mysql">mysql&gt; select score.c_no , c_name , avg(sc_degree) from student , course,score  where course.c_no = score.c_no and score.s_no = student.s_no and s_class = '95031' group by score.c_no ;+-------+-----------------+----------------+| c_no  | c_name          | avg(sc_degree) |+-------+-----------------+----------------+| 3-105 | 计算机导论      |        82.0000 || 3-245 | 操作系统        |        71.5000 || 6-166 | 数字电路        |        80.0000 |+-------+-----------------+----------------+3 rows in set (0.00 sec)<span aria-hidden="true" class="line-numbers-rows"><span></span><span></span><span></span><span></span><span></span><span></span><span></span><span></span><span></span></span></code></pre><p>或者不考虑 c_name</p><pre class="line-numbers language-mysql" data-language="mysql"><code class="language-mysql">mysql&gt; select c_no , avg(sc_degree) from score where s_no in (select s_no from student where s_class= '95031') group by c_no;+-------+----------------+| c_no  | avg(sc_degree) |+-------+----------------+| 3-105 |        82.0000 || 3-245 |        71.5000 || 6-166 |        80.0000 |+-------+----------------+3 rows in set (0.00 sec)<span aria-hidden="true" class="line-numbers-rows"><span></span><span></span><span></span><span></span><span></span><span></span><span></span><span></span><span></span></span></code></pre><p>或者</p><pre class="line-numbers language-mysql" data-language="mysql"><code class="language-mysql">mysql&gt; select c_no , avg(sc_degree) from score left join student on score.s_no = student.s_no where student.s_class = '95031' group by score.c_no;+-------+----------------+| c_no  | avg(sc_degree) |+-------+----------------+| 3-105 |        82.0000 || 3-245 |        71.5000 || 6-166 |        80.0000 |+-------+----------------+3 rows in set (0.00 sec)<span aria-hidden="true" class="line-numbers-rows"><span></span><span></span><span></span><span></span><span></span><span></span><span></span><span></span><span></span></span></code></pre><p>或者</p><pre class="line-numbers language-mysql" data-language="mysql"><code class="language-mysql">mysql&gt; select score.c_no ,avg(sc_degree) from score ,student where score.s_no = student.s_no and student.s_class = '95031' group by score.c_no;+-------+----------------+| c_no  | avg(sc_degree) |+-------+----------------+| 3-105 |        82.0000 || 3-245 |        71.5000 || 6-166 |        80.0000 |+-------+----------------+3 rows in set (0.00 sec)<span aria-hidden="true" class="line-numbers-rows"><span></span><span></span><span></span><span></span><span></span><span></span><span></span><span></span><span></span></span></code></pre><h3 id="18-查询选修”3-105”课程的成绩高于’109’号同学’3-105’成绩-的所有同学的记录"><a href="#18-查询选修”3-105”课程的成绩高于’109’号同学’3-105’成绩-的所有同学的记录" class="headerlink" title="18.查询选修”3-105”课程的成绩高于’109’号同学’3-105’成绩 的所有同学的记录"></a>18.查询选修”3-105”课程的成绩高于’109’号同学’3-105’成绩 的所有同学的记录</h3><pre class="line-numbers language-mysql" data-language="mysql"><code class="language-mysql">mysql&gt; select * from student , score having student.s_no = score.s_no and  score.c_no = '3-105'  and  score.sc_degree &gt; (select sc_degree from score where s_no = '109' and c_no = '3-105') ;+------+--------+----------+---------------------+---------+------+-------+-----------+| s_no | s_name | s_gender | s_birthday          | s_class | s_no | c_no  | sc_degree |+------+--------+----------+---------------------+---------+------+-------+-----------+| 103  | 王丽   | 女       | 1976-01-23 00:00:00 | 95033   | 103  | 3-105 |        92 || 105  | 王芳   | 女       | 1975-02-10 00:00:00 | 95031   | 105  | 3-105 |        88 |+------+--------+----------+---------------------+---------+------+-------+-----------+2 rows in set (0.00 sec)<span aria-hidden="true" class="line-numbers-rows"><span></span><span></span><span></span><span></span><span></span><span></span><span></span><span></span></span></code></pre><h3 id="19-查询成绩高于学号为’109’-课程号为’3-105’的成绩的所有记录"><a href="#19-查询成绩高于学号为’109’-课程号为’3-105’的成绩的所有记录" class="headerlink" title="19.查询成绩高于学号为’109’,课程号为’3-105’的成绩的所有记录"></a>19.查询成绩高于学号为’109’,课程号为’3-105’的成绩的所有记录</h3><pre class="line-numbers language-mysql" data-language="mysql"><code class="language-mysql">mysql&gt; select * from score where sc_degree &gt; (select sc_degree from score where s_no = '109' and c_no = '3-105');+------+-------+-----------+| s_no | c_no  | sc_degree |+------+-------+-----------+| 103  | 3-105 |        92 || 103  | 3-245 |        86 || 103  | 6-166 |        85 || 105  | 3-105 |        88 || 105  | 6-166 |        79 || 109  | 6-166 |        81 |+------+-------+-----------+6 rows in set (0.00 sec)<span aria-hidden="true" class="line-numbers-rows"><span></span><span></span><span></span><span></span><span></span><span></span><span></span><span></span><span></span><span></span><span></span><span></span></span></code></pre><p>或者：</p><pre class="line-numbers language-mysql" data-language="mysql"><code class="language-mysql">mysql&gt; select * from student ,score , course where student.s_no = score.s_no and score.c_no = course.c_no and score.sc_degree &gt; (select sc_degree from score where s_no = '109' and c_no = '3-105');+------+-----------+----------+---------------------+---------+------+-------+-----------+-------+-----------------+------+| s_no | s_name    | s_gender | s_birthday          | s_class | s_no | c_no  | sc_degree | c_no  | c_name          | t_no |+------+-----------+----------+---------------------+---------+------+-------+-----------+-------+-----------------+------+| 103  | 王丽      | 女       | 1976-01-23 00:00:00 | 95033   | 103  | 3-105 |        92 | 3-105 | 计算机导论      | 825  || 103  | 王丽      | 女       | 1976-01-23 00:00:00 | 95033   | 103  | 3-245 |        86 | 3-245 | 操作系统        | 804  || 103  | 王丽      | 女       | 1976-01-23 00:00:00 | 95033   | 103  | 6-166 |        85 | 6-166 | 数字电路        | 856  || 105  | 王芳      | 女       | 1975-02-10 00:00:00 | 95031   | 105  | 3-105 |        88 | 3-105 | 计算机导论      | 825  || 105  | 王芳      | 女       | 1975-02-10 00:00:00 | 95031   | 105  | 6-166 |        79 | 6-166 | 数字电路        | 856  || 109  | 赵铁柱    | 男       | 1974-06-03 00:00:00 | 95031   | 109  | 6-166 |        81 | 6-166 | 数字电路        | 856  |+------+-----------+----------+---------------------+---------+------+-------+-----------+-------+-----------------+------+6 rows in set (0.00 sec)<span aria-hidden="true" class="line-numbers-rows"><span></span><span></span><span></span><span></span><span></span><span></span><span></span><span></span><span></span><span></span><span></span><span></span></span></code></pre><h3 id="20-查询所有学号为108-101的同学同年出生的所有学生的s-no-s-name和s-birthday"><a href="#20-查询所有学号为108-101的同学同年出生的所有学生的s-no-s-name和s-birthday" class="headerlink" title="20.查询所有学号为108.101的同学同年出生的所有学生的s_no,s_name和s_birthday"></a>20.查询所有学号为108.101的同学同年出生的所有学生的s_no,s_name和s_birthday</h3><pre class="line-numbers language-mysql" data-language="mysql"><code class="language-mysql">mysql&gt; select s_no , s_name , s_birthday from student where year(s_birthday) in (select year(s_birthday) from student where s_no in( '101','108'));+------+-----------+---------------------+| s_no | s_name    | s_birthday          |+------+-----------+---------------------+| 101  | 曾华      | 1977-09-01 00:00:00 || 102  | 匡明      | 1975-10-02 00:00:00 || 105  | 王芳      | 1975-02-10 00:00:00 || 108  | 张全蛋    | 1975-02-10 00:00:00 |+------+-----------+---------------------+4 rows in set (0.00 sec)<span aria-hidden="true" class="line-numbers-rows"><span></span><span></span><span></span><span></span><span></span><span></span><span></span><span></span><span></span><span></span></span></code></pre><h3 id="21-查询-张旭-教师任课的学生的成绩"><a href="#21-查询-张旭-教师任课的学生的成绩" class="headerlink" title="21.查询 张旭 教师任课的学生的成绩"></a>21.查询 张旭 教师任课的学生的成绩</h3><pre class="line-numbers language-mysql" data-language="mysql"><code class="language-mysql">mysql&gt; select student.s_name,score.sc_degree from score,course,student,teacher where score.s_no = student.s_no and score.c_no = course.c_no and course.t_no = teacher.t_no and teacher.t_name = '张旭';+-----------+-----------+| s_name    | sc_degree |+-----------+-----------+| 王丽      |        85 || 王芳      |        79 || 赵铁柱    |        81 |+-----------+-----------+3 rows in set (0.00 sec)<span aria-hidden="true" class="line-numbers-rows"><span></span><span></span><span></span><span></span><span></span><span></span><span></span><span></span><span></span></span></code></pre><h3 id="22-查询选修课程的同学人数多余-5-人的教师姓名"><a href="#22-查询选修课程的同学人数多余-5-人的教师姓名" class="headerlink" title="22.查询选修课程的同学人数多余 5 人的教师姓名"></a>22.查询选修课程的同学人数多余 5 人的教师姓名</h3><pre class="line-numbers language-mysql" data-language="mysql"><code class="language-mysql">mysql&gt; select teacher.t_name from (select c_no ,count(c_no) c  from score group by c_no) t , course,teacher where t.c_no  = course.c_no and course.t_no = teacher.t_no and t.c &gt; 5;Empty set (0.01 sec)<span aria-hidden="true" class="line-numbers-rows"><span></span><span></span></span></code></pre><p>为了效果,添加数据:</p><pre class="line-numbers language-mysql" data-language="mysql"><code class="language-mysql">INSERT INTO score VALUES('101','3-105','90');INSERT INTO score VALUES('102','3-105','91');INSERT INTO score VALUES('104','3-105','89');<span aria-hidden="true" class="line-numbers-rows"><span></span><span></span><span></span></span></code></pre><p>再次查询：</p><pre class="line-numbers language-mysql" data-language="mysql"><code class="language-mysql">mysql&gt; select teacher.t_name from (select c_no ,count(c_no) c  from score group by c_no) t , course,teacher where t.c_no  = course.c_no and course.t_no = teacher.t_no and t.c &gt; 5;+--------+| t_name |+--------+| 王萍   |+--------+1 row in set (0.00 sec)<span aria-hidden="true" class="line-numbers-rows"><span></span><span></span><span></span><span></span><span></span><span></span><span></span></span></code></pre>]]></content>
      
      
      <categories>
          
          <category> Mysql </category>
          
      </categories>
      
      
        <tags>
            
            <tag> Mysql </tag>
            
        </tags>
      
    </entry>
    
    
    
    <entry>
      <title>Mysql Order</title>
      <link href="posts/51460.html"/>
      <url>posts/51460.html</url>
      
        <content type="html"><![CDATA[<h2 id="查看数据库"><a href="#查看数据库" class="headerlink" title="查看数据库"></a>查看数据库</h2><pre class="line-numbers language-mysql" data-language="mysql"><code class="language-mysql">show databases;<span aria-hidden="true" class="line-numbers-rows"><span></span></span></code></pre><h2 id="选择数据库"><a href="#选择数据库" class="headerlink" title="选择数据库"></a>选择数据库</h2><pre class="line-numbers language-mysql" data-language="mysql"><code class="language-mysql">use databasesName;<span aria-hidden="true" class="line-numbers-rows"><span></span></span></code></pre><h2 id="查看该数据库中有哪些表"><a href="#查看该数据库中有哪些表" class="headerlink" title="查看该数据库中有哪些表"></a>查看该数据库中有哪些表</h2><pre class="line-numbers language-mysql" data-language="mysql"><code class="language-mysql">show tables;<span aria-hidden="true" class="line-numbers-rows"><span></span></span></code></pre><h2 id="查询表中数据"><a href="#查询表中数据" class="headerlink" title="查询表中数据"></a>查询表中数据</h2><pre class="line-numbers language-mysql" data-language="mysql"><code class="language-mysql">select * from tableName;<span aria-hidden="true" class="line-numbers-rows"><span></span></span></code></pre><h2 id="退出数据库服务器"><a href="#退出数据库服务器" class="headerlink" title="退出数据库服务器"></a>退出数据库服务器</h2><pre class="line-numbers language-mysql" data-language="mysql"><code class="language-mysql">exit;<span aria-hidden="true" class="line-numbers-rows"><span></span></span></code></pre><h2 id="删除数据表"><a href="#删除数据表" class="headerlink" title="删除数据表"></a>删除数据表</h2><pre class="line-numbers language-mysql" data-language="mysql"><code class="language-mysql">drop table tableName;<span aria-hidden="true" class="line-numbers-rows"><span></span></span></code></pre><h2 id="创建数据库"><a href="#创建数据库" class="headerlink" title="创建数据库"></a>创建数据库</h2><pre class="line-numbers language-mysql" data-language="mysql"><code class="language-mysql">create database databaseName;<span aria-hidden="true" class="line-numbers-rows"><span></span></span></code></pre><h2 id="创建数据表"><a href="#创建数据表" class="headerlink" title="创建数据表"></a>创建数据表</h2><p>以创建student表为例：</p><pre class="line-numbers language-mysql" data-language="mysql"><code class="language-mysql">create table student(  id int primary key auto_increment,  name VARCHAR(20),  gender CHAR(1),  birth DATE,  death DATE );<span aria-hidden="true" class="line-numbers-rows"><span></span><span></span><span></span><span></span><span></span><span></span></span></code></pre><p>注意：1.var()定常:哪怕存储的字符串没有达到”()”中数字的上限,var()依然会占用空格来填充空间.varchar()不定长,没有达到”()”中的上限则会自动去掉后面的空格;</p><p>2.定义最后一个字段的时候不要加”,”; </p><p>3.上面的”VAR”,”VARCHAR”,”DATE”可以用小写.不过最好用大写来表示区分关键字;</p><p>4.切换到英语状态下半角输入；</p><h2 id="查看数据表表结构"><a href="#查看数据表表结构" class="headerlink" title="查看数据表表结构"></a>查看数据表表结构</h2><pre class="line-numbers language-mysql" data-language="mysql"><code class="language-mysql">desc tableName; <span aria-hidden="true" class="line-numbers-rows"><span></span></span></code></pre><p>以student表为例：</p><pre class="line-numbers language-mysql" data-language="mysql"><code class="language-mysql">mysql&gt; desc student;+--------+-------------+------+-----+---------+----------------+| Field  | Type        | Null | Key | Default | Extra          |+--------+-------------+------+-----+---------+----------------+| id     | int         | NO   | PRI | NULL    | auto_increment || name   | varchar(20) | YES  |     | NULL    |                || gender | char(1)     | YES  |     | NULL    |                || birth  | date        | YES  |     | NULL    |                || death  | date        | YES  |     | NULL    |                |+--------+-------------+------+-----+---------+----------------+5 rows in set (0.01 sec)<span aria-hidden="true" class="line-numbers-rows"><span></span><span></span><span></span><span></span><span></span><span></span><span></span><span></span><span></span><span></span><span></span></span></code></pre><p>说明：</p><p>Field ：字段名称</p><p>Type ：字段类型，比如 int , date , char , varchar</p><p>Key   :  是否是关键字，比如可以定义为： primary key 或者 unique key </p><p>Default  :  若是该字段没有主动设置值的时候,定义该字段的默认值</p><p>Extra :  auto_increment 表示自增；</p><h2 id="插入数据"><a href="#插入数据" class="headerlink" title="插入数据"></a>插入数据</h2><pre class="line-numbers language-mysql" data-language="mysql"><code class="language-mysql">insert into student values(null,'BingoLin','1','1995-01-01',null);<span aria-hidden="true" class="line-numbers-rows"><span></span></span></code></pre><p>注意：是 null ，不是  ‘Null’  </p><p>或者</p><pre class="line-numbers language-mysql" data-language="mysql"><code class="language-mysql">insert into student(name,gender,birth) values('BingoLin','1','1995-01-01');<span aria-hidden="true" class="line-numbers-rows"><span></span></span></code></pre><p>此时，已经向student增加了两条记录，这两条记录除了id 外一模一样。</p><p>使用select命令查看表，显示如下：</p><pre class="line-numbers language-mysql" data-language="mysql"><code class="language-mysql">mysql&gt; select * from student;+----+----------+--------+------------+-------+| id | name     | gender | birth      | death |+----+----------+--------+------------+-------+|  1 | BingoLin | 1      | 1995-01-01 | NULL  ||  2 | BingoLin | 1      | 1995-01-01 | NULL  |+----+----------+--------+------------+-------+2 rows in set (0.00 sec)<span aria-hidden="true" class="line-numbers-rows"><span></span><span></span><span></span><span></span><span></span><span></span><span></span><span></span></span></code></pre><p> 注意： NULL:代表的是空,表示该字段还没有数据.</p><h2 id="删除数据"><a href="#删除数据" class="headerlink" title="删除数据"></a>删除数据</h2><pre class="line-numbers language-mysql" data-language="mysql"><code class="language-mysql">delete from tableName where &lt;条件&gt;<span aria-hidden="true" class="line-numbers-rows"><span></span></span></code></pre><p>以student 表为例:</p><pre class="line-numbers language-mysql" data-language="mysql"><code class="language-mysql">delete from student where id = 2;<span aria-hidden="true" class="line-numbers-rows"><span></span></span></code></pre><p>上述命令，意思是删除 student 表 中  id 为 2 的记录。</p><p>删除后的表查询结果如下：</p><pre class="line-numbers language-mysql" data-language="mysql"><code class="language-mysql">mysql&gt; select * from student;+----+----------+--------+------------+-------+| id | name     | gender | birth      | death |+----+----------+--------+------------+-------+|  1 | BingoLin | 1      | 1995-01-01 | NULL  |+----+----------+--------+------------+-------+1 row in set (0.00 sec)<span aria-hidden="true" class="line-numbers-rows"><span></span><span></span><span></span><span></span><span></span><span></span><span></span></span></code></pre><h2 id="修改数据"><a href="#修改数据" class="headerlink" title="修改数据"></a>修改数据</h2><pre class="line-numbers language-mysql" data-language="mysql"><code class="language-mysql">update tableName set 字段1=值1,字段2=值2 ... where &lt;条件&gt;;<span aria-hidden="true" class="line-numbers-rows"><span></span></span></code></pre><p>以student 表为例:</p><pre class="line-numbers language-mysql" data-language="mysql"><code class="language-mysql">update student set gender='0',birth = '1995-02-01' where name = 'BingoLin' ;<span aria-hidden="true" class="line-numbers-rows"><span></span><span></span><span></span><span></span></span></code></pre><p>以上例子表示： 修改student 表 中  name 字段值为 BingoLin 的记录。修改方案是将Bingo Lin所在的这条记录中 的gender字段值设置为0，birth字段值设置为1995-02-01。</p><p>修改完成后，表查询结果如下：</p><pre class="line-numbers language-mysql" data-language="mysql"><code class="language-mysql">mysql&gt; select * from student;+----+----------+--------+------------+-------+| id | name     | gender | birth      | death |+----+----------+--------+------------+-------+|  1 | BingoLin | 0      | 1995-02-01 | NULL  |+----+----------+--------+------------+-------+1 row in set (0.00 sec)<span aria-hidden="true" class="line-numbers-rows"><span></span><span></span><span></span><span></span><span></span><span></span><span></span></span></code></pre><h2 id="建表约束"><a href="#建表约束" class="headerlink" title="建表约束"></a>建表约束</h2><h3 id="1-主键约束"><a href="#1-主键约束" class="headerlink" title="1.主键约束"></a>1.主键约束</h3><p>作用：唯一确定一张表中的一条记录。增加主键约束之后，使字段不重复且不为空；</p><p>以创建user表为例：</p><pre class="line-numbers language-mysql" data-language="mysql"><code class="language-mysql">create table user(id int primary key,name varchar(20));<span aria-hidden="true" class="line-numbers-rows"><span></span><span></span><span></span><span></span></span></code></pre><p>向user表添加记录：</p><pre class="line-numbers language-mysql" data-language="mysql"><code class="language-mysql">insert into user values(1,'BingoLin');<span aria-hidden="true" class="line-numbers-rows"><span></span></span></code></pre><p> 添加记录后表查询结果如下：</p><pre class="line-numbers language-mysql" data-language="mysql"><code class="language-mysql">mysql&gt; select * from user;+----+----------+| id | name     |+----+----------+|  1 | BingoLin |+----+----------+1 row in set (0.00 sec)<span aria-hidden="true" class="line-numbers-rows"><span></span><span></span><span></span><span></span><span></span><span></span><span></span></span></code></pre><p>表结构如下：</p><pre class="line-numbers language-mysql" data-language="mysql"><code class="language-mysql">mysql&gt; desc user;+-------+-------------+------+-----+---------+-------+| Field | Type        | Null | Key | Default | Extra |+-------+-------------+------+-----+---------+-------+| id    | int         | NO   | PRI | NULL    |       || name  | varchar(20) | YES  |     | NULL    |       |+-------+-------------+------+-----+---------+-------+2 rows in set (0.00 sec)<span aria-hidden="true" class="line-numbers-rows"><span></span><span></span><span></span><span></span><span></span><span></span><span></span><span></span></span></code></pre><p>可以看到：id 的Null字段值为No,即 id 不为空；id 的 Key 字段值为 PRI,即（primary）</p><h3 id="2-复合主键"><a href="#2-复合主键" class="headerlink" title="2.复合主键"></a>2.复合主键</h3><p>以创建user2表为例：</p><pre class="line-numbers language-mysql" data-language="mysql"><code class="language-mysql">create table user2(id int,name varchar(20),password varchar(20),primary key(id,name));<span aria-hidden="true" class="line-numbers-rows"><span></span><span></span><span></span><span></span><span></span><span></span></span></code></pre><p>向user2添加记录；</p><pre class="line-numbers language-mysql" data-language="mysql"><code class="language-mysql">insert into user2 values(1,'BingoLin','123456');insert into user2 values(2,'BingoLi','123456');insert into user2 values(3,'BingoLin','123456');<span aria-hidden="true" class="line-numbers-rows"><span></span><span></span><span></span></span></code></pre><p>添加记录后表查询结果如下：</p><pre class="line-numbers language-mysql" data-language="mysql"><code class="language-mysql">mysql&gt; select * from user2;+----+----------+----------+| id | name     | password |+----+----------+----------+|  1 | BingoLin | 123456   ||  2 | BingoLi  | 123456   ||  3 | BingoLin | 123456   |+----+----------+----------+3 rows in set (0.00 sec)<span aria-hidden="true" class="line-numbers-rows"><span></span><span></span><span></span><span></span><span></span><span></span><span></span><span></span><span></span></span></code></pre><p>表结构如下：</p><pre class="line-numbers language-mysql" data-language="mysql"><code class="language-mysql">mysql&gt; desc user2;+----------+-------------+------+-----+---------+-------+| Field    | Type        | Null | Key | Default | Extra |+----------+-------------+------+-----+---------+-------+| id       | int         | NO   | PRI | NULL    |       || name     | varchar(20) | NO   | PRI | NULL    |       || password | varchar(20) | YES  |     | NULL    |       |+----------+-------------+------+-----+---------+-------+3 rows in set (0.00 sec)<span aria-hidden="true" class="line-numbers-rows"><span></span><span></span><span></span><span></span><span></span><span></span><span></span><span></span><span></span></span></code></pre><p>可以看到，添加 复合主键 的字段不为空且不重复。没有添加复合主键的字段值允许相同；</p><h3 id="3-自增约束"><a href="#3-自增约束" class="headerlink" title="3.自增约束"></a>3.自增约束</h3><p>以创建user3为例：</p><pre class="line-numbers language-mysql" data-language="mysql"><code class="language-mysql">create table user3(id int primary key auto_increment,name varchar(20));<span aria-hidden="true" class="line-numbers-rows"><span></span><span></span><span></span><span></span></span></code></pre><p>向user3添加记录</p><pre class="line-numbers language-mysql" data-language="mysql"><code class="language-mysql">insert into user3(name) values ('BingoLin');insert into user3(name) values ('BingoLi');<span aria-hidden="true" class="line-numbers-rows"><span></span><span></span></span></code></pre><p>添加记录后表查询结果如下：</p><pre class="line-numbers language-mysql" data-language="mysql"><code class="language-mysql">mysql&gt; select * from user3;+----+----------+| id | name     |+----+----------+|  1 | BingoLin ||  2 | BingoLi  |+----+----------+2 rows in set (0.00 sec)<span aria-hidden="true" class="line-numbers-rows"><span></span><span></span><span></span><span></span><span></span><span></span><span></span><span></span></span></code></pre><p>表结构如下：</p><pre class="line-numbers language-mysql" data-language="mysql"><code class="language-mysql">mysql&gt; desc user3;+-------+-------------+------+-----+---------+----------------+| Field | Type        | Null | Key | Default | Extra          |+-------+-------------+------+-----+---------+----------------+| id    | int         | NO   | PRI | NULL    | auto_increment || name  | varchar(20) | YES  |     | NULL    |                |+-------+-------------+------+-----+---------+----------------+2 rows in set (0.00 sec)<span aria-hidden="true" class="line-numbers-rows"><span></span><span></span><span></span><span></span><span></span><span></span><span></span><span></span></span></code></pre><p>说明：auto_increment 表示自增。可以看到 id 添加了auto_increment 属性后，即使没有自定义id 值，也能自动生成id </p><h3 id="4-唯一约束"><a href="#4-唯一约束" class="headerlink" title="4.唯一约束"></a>4.唯一约束</h3><p>以创建user4为例：</p><pre class="line-numbers language-mysql" data-language="mysql"><code class="language-mysql">create table user4(id int primary key auto_increment,name varchar(20) unique key);<span aria-hidden="true" class="line-numbers-rows"><span></span><span></span><span></span><span></span></span></code></pre><p>向user4 添加记录</p><pre class="line-numbers language-mysql" data-language="mysql"><code class="language-mysql">insert into user4(name) values('BingoLin');insert into user4(name) values('BingoLi');<span aria-hidden="true" class="line-numbers-rows"><span></span><span></span></span></code></pre><p>添加记录后表结构查询如下：</p><pre class="line-numbers language-mysql" data-language="mysql"><code class="language-mysql">mysql&gt; select * from user4;+----+----------+| id | name     |+----+----------+|  2 | BingoLi  ||  1 | BingoLin |+----+----------+2 rows in set (0.00 sec)<span aria-hidden="true" class="line-numbers-rows"><span></span><span></span><span></span><span></span><span></span><span></span><span></span><span></span></span></code></pre><p>表结构如下：</p><pre class="line-numbers language-mysql" data-language="mysql"><code class="language-mysql">mysql&gt; desc user4;+-------+-------------+------+-----+---------+----------------+| Field | Type        | Null | Key | Default | Extra          |+-------+-------------+------+-----+---------+----------------+| id    | int         | NO   | PRI | NULL    | auto_increment || name  | varchar(20) | YES  | UNI | NULL    |                |+-------+-------------+------+-----+---------+----------------+2 rows in set (0.00 sec)<span aria-hidden="true" class="line-numbers-rows"><span></span><span></span><span></span><span></span><span></span><span></span><span></span><span></span></span></code></pre><p>说明：可以看到，name 所在的 Key 的值是UNI 即Unique，</p><p>此时,如果还插入相同的name值的记录，比如：</p><pre class="line-numbers language-mysql" data-language="mysql"><code class="language-mysql">insert into user4(name) values('BingoLi');<span aria-hidden="true" class="line-numbers-rows"><span></span></span></code></pre><p>  会出现错误提示：</p><pre class="line-numbers language-mysql" data-language="mysql"><code class="language-mysql">mysql&gt; insert into user4(name) values('BingoLi');ERROR 1062 (23000): Duplicate entry 'BingoLi' for key 'user4.name'<span aria-hidden="true" class="line-numbers-rows"><span></span><span></span></span></code></pre><p>注意：主键约束(primary key) 包含了唯一约束。</p><h3 id="5-非空约束"><a href="#5-非空约束" class="headerlink" title="5.非空约束"></a>5.非空约束</h3><p>以创建user5表为例：</p><pre class="line-numbers language-mysql" data-language="mysql"><code class="language-mysql">create table user5(id int primary key auto_increment,name varchar(20) not null,idCard varchar(20) unique key not null);<span aria-hidden="true" class="line-numbers-rows"><span></span><span></span><span></span><span></span><span></span></span></code></pre><p>向user5添加记录</p><pre class="line-numbers language-mysql" data-language="mysql"><code class="language-mysql">insert into user5(name,idCard) values ('BingoLin','123456');insert into user5(name,idCard) values ('BingoLi','33144245');<span aria-hidden="true" class="line-numbers-rows"><span></span><span></span></span></code></pre><p>添加记录后表查询结果如下：</p><pre class="line-numbers language-mysql" data-language="mysql"><code class="language-mysql">mysql&gt; select * from user5;+----+----------+----------+| id | name     | idCard   |+----+----------+----------+|  1 | BingoLin | 123456   ||  2 | BingoLi  | 33144245 |+----+----------+----------+2 rows in set (0.00 sec)<span aria-hidden="true" class="line-numbers-rows"><span></span><span></span><span></span><span></span><span></span><span></span><span></span><span></span></span></code></pre><p>表结构如下：</p><pre class="line-numbers language-mysql" data-language="mysql"><code class="language-mysql">mysql&gt; desc user5;+--------+-------------+------+-----+---------+----------------+| Field  | Type        | Null | Key | Default | Extra          |+--------+-------------+------+-----+---------+----------------+| id     | int         | NO   | PRI | NULL    | auto_increment || name   | varchar(20) | NO   |     | NULL    |                || idCard | varchar(20) | NO   | UNI | NULL    |                |+--------+-------------+------+-----+---------+----------------+3 rows in set (0.00 sec)<span aria-hidden="true" class="line-numbers-rows"><span></span><span></span><span></span><span></span><span></span><span></span><span></span><span></span><span></span></span></code></pre><p>说明：name,idCard 都设置了 not null ,即非空。此时，如果只添加含有name的记录：</p><pre class="line-numbers language-mysql" data-language="mysql"><code class="language-mysql">insert into user5(name) values('Bingo');<span aria-hidden="true" class="line-numbers-rows"><span></span></span></code></pre><p>则会出现错误：</p><pre class="line-numbers language-mysql" data-language="mysql"><code class="language-mysql">mysql&gt; insert into user5(name) values('Bingo');ERROR 1364 (HY000): Field 'idCard' doesn't have a default value<span aria-hidden="true" class="line-numbers-rows"><span></span><span></span></span></code></pre><p>只添加含有idCard 的记录也会出错；</p><p>结论：两个非空参数必须一起设置；</p><h3 id="6-默认约束"><a href="#6-默认约束" class="headerlink" title="6.默认约束"></a>6.默认约束</h3><p>以创建user6表为例：</p><pre class="line-numbers language-mysql" data-language="mysql"><code class="language-mysql">create table user6(id int primary key auto_increment,name varchar(20) not null,idCard varchar(20) unique key not null ,status int default 0 comment'用户状态 0:启用 1:封禁 默认:0');<span aria-hidden="true" class="line-numbers-rows"><span></span><span></span><span></span><span></span><span></span><span></span></span></code></pre><p>向user6添加记录：</p><pre class="line-numbers language-mysql" data-language="mysql"><code class="language-mysql">insert into user6(name,idCard) values ('BingoLin','123456');insert into user6(name,idCard) values ('BingoLi','1234567');<span aria-hidden="true" class="line-numbers-rows"><span></span><span></span></span></code></pre><p>添加记录后表查询如下：</p><pre class="line-numbers language-mysql" data-language="mysql"><code class="language-mysql">mysql&gt; select * from user6;+----+----------+---------+--------+| id | name     | idCard  | status |+----+----------+---------+--------+|  1 | BingoLin | 123456  |      0 ||  2 | BingoLi  | 1234567 |      0 |+----+----------+---------+--------+2 rows in set (0.00 sec)<span aria-hidden="true" class="line-numbers-rows"><span></span><span></span><span></span><span></span><span></span><span></span><span></span><span></span></span></code></pre><p>说明：没有设置status的值，默认为0。</p><p>表结构如下：</p><pre class="line-numbers language-mysql" data-language="mysql"><code class="language-mysql">mysql&gt; desc user6;+--------+-------------+------+-----+---------+----------------+| Field  | Type        | Null | Key | Default | Extra          |+--------+-------------+------+-----+---------+----------------+| id     | int         | NO   | PRI | NULL    | auto_increment || name   | varchar(20) | NO   |     | NULL    |                || idCard | varchar(20) | NO   | UNI | NULL    |                || status | int         | YES  |     | 0       |                |+--------+-------------+------+-----+---------+----------------+4 rows in set (0.00 sec)<span aria-hidden="true" class="line-numbers-rows"><span></span><span></span><span></span><span></span><span></span><span></span><span></span><span></span><span></span><span></span></span></code></pre><h3 id="7-外键约束"><a href="#7-外键约束" class="headerlink" title="7.外键约束"></a>7.外键约束</h3><p>以创建classes表、student表为例：</p><pre class="line-numbers language-mysql" data-language="mysql"><code class="language-mysql">create table classes(id int primary key auto_increment,name varchar(20) unique not null );<span aria-hidden="true" class="line-numbers-rows"><span></span><span></span><span></span><span></span></span></code></pre><p>向classes表中添加数据：</p><pre class="line-numbers language-mysql" data-language="mysql"><code class="language-mysql">insert into classes(name) values('一班');insert into classes(name) values('二班');insert into classes(name) values('三班');insert into classes(name) values('四班');<span aria-hidden="true" class="line-numbers-rows"><span></span><span></span><span></span><span></span></span></code></pre><p>添加记录后表查询如下：</p><pre class="line-numbers language-mysql" data-language="mysql"><code class="language-mysql">mysql&gt; select * from classes;+----+--------+| id | name   |+----+--------+|  1 | 一班   ||  2 | 二班   ||  3 | 三班   ||  4 | 四班   |+----+--------+4 rows in set (0.00 sec)<span aria-hidden="true" class="line-numbers-rows"><span></span><span></span><span></span><span></span><span></span><span></span><span></span><span></span><span></span><span></span></span></code></pre><p>表结构如下：</p><pre class="line-numbers language-mysql" data-language="mysql"><code class="language-mysql">mysql&gt; desc classes;+-------+-------------+------+-----+---------+----------------+| Field | Type        | Null | Key | Default | Extra          |+-------+-------------+------+-----+---------+----------------+| id    | int         | NO   | PRI | NULL    | auto_increment || name  | varchar(20) | NO   | UNI | NULL    |                |+-------+-------------+------+-----+---------+----------------+2 rows in set (0.00 sec)<span aria-hidden="true" class="line-numbers-rows"><span></span><span></span><span></span><span></span><span></span><span></span><span></span><span></span></span></code></pre><p>现在创建student表：</p><pre class="line-numbers language-mysql" data-language="mysql"><code class="language-mysql">create table student(id int primary key auto_increment,name varchar(20) not null,idCard varchar(20) unique key not null,class_id int,foreign key(class_id) references classes(id));<span aria-hidden="true" class="line-numbers-rows"><span></span><span></span><span></span><span></span><span></span><span></span><span></span></span></code></pre><p>注：foreign key 外键；references 参考</p><p>向student表添加数据：</p><pre class="line-numbers language-mysql" data-language="mysql"><code class="language-mysql">insert into student(name,idCard,class_id) values ('BingoLin',123456,1);insert into student(name,idCard,class_id) values ('BingoLi',223456,2);insert into student(name,idCard,class_id) values ('BingoL',323456,3);insert into student(name,idCard,class_id) values ('Bingo',423456,4);<span aria-hidden="true" class="line-numbers-rows"><span></span><span></span><span></span><span></span></span></code></pre><p>添加记录后表查询结果如下：</p><pre class="line-numbers language-mysql" data-language="mysql"><code class="language-mysql">mysql&gt; select * from student;+----+----------+--------+----------+| id | name     | idCard | class_id |+----+----------+--------+----------+|  1 | BingoLin | 123456 |        1 ||  2 | BingoLi  | 223456 |        2 ||  3 | BingoL   | 323456 |        3 ||  4 | Bingo    | 423456 |        4 |+----+----------+--------+----------+4 rows in set (0.00 sec)<span aria-hidden="true" class="line-numbers-rows"><span></span><span></span><span></span><span></span><span></span><span></span><span></span><span></span><span></span><span></span></span></code></pre><p>  表结构如下：</p><pre class="line-numbers language-mysql" data-language="mysql"><code class="language-mysql">mysql&gt; desc student;+----------+-------------+------+-----+---------+----------------+| Field    | Type        | Null | Key | Default | Extra          |+----------+-------------+------+-----+---------+----------------+| id       | int         | NO   | PRI | NULL    | auto_increment || name     | varchar(20) | NO   |     | NULL    |                || idCard   | varchar(20) | NO   | UNI | NULL    |                || class_id | int         | YES  | MUL | NULL    |                |+----------+-------------+------+-----+---------+----------------+4 rows in set (0.00 sec)<span aria-hidden="true" class="line-numbers-rows"><span></span><span></span><span></span><span></span><span></span><span></span><span></span><span></span><span></span><span></span></span></code></pre><p>说明：因为存在外键，如果想在student表添加班级为5的数据，是行不通的，因为classes表还没有五班的数据：</p><pre class="line-numbers language-mysql" data-language="mysql"><code class="language-mysql">mysql&gt; insert into student(name,idCard,class_id) values ('BingoLin',523456,5);ERROR 1452 (23000): Cannot add or update a child row: a foreign key constraint fails (`school`.`student`, CONSTRAINT `student_ibfk_1` FOREIGN KEY (`class_id`) REFERENCES `classes` (`id`))<span aria-hidden="true" class="line-numbers-rows"><span></span><span></span></span></code></pre><p>并且，因为student表中属于一班的同学是存在的，那么将无法删除classes表中一班的数据：</p><pre class="line-numbers language-mysql" data-language="mysql"><code class="language-mysql">mysql&gt; delete from classes where name = '一班';ERROR 1451 (23000): Cannot delete or update a parent row: a foreign key constraint fails (`school`.`student`, CONSTRAINT `student_ibfk_1` FOREIGN KEY (`class_id`) REFERENCES `classes` (`id`))<span aria-hidden="true" class="line-numbers-rows"><span></span><span></span></span></code></pre><p>办法：只有先删除掉student表中关于一班的所有数据，才能在classes表中删除一班的数据。</p><h3 id="8-建表之后再添加-删除主键约束"><a href="#8-建表之后再添加-删除主键约束" class="headerlink" title="8.建表之后再添加/删除主键约束"></a>8.建表之后再添加/删除主键约束</h3><p>以创建user8为例：</p><pre class="line-numbers language-mysql" data-language="mysql"><code class="language-mysql">create table user8(id int,name varchar(20));<span aria-hidden="true" class="line-numbers-rows"><span></span><span></span><span></span><span></span></span></code></pre><p>表结构如下：</p><pre class="line-numbers language-mysql" data-language="mysql"><code class="language-mysql">mysql&gt; desc user8;+-------+-------------+------+-----+---------+-------+| Field | Type        | Null | Key | Default | Extra |+-------+-------------+------+-----+---------+-------+| id    | int         | YES  |     | NULL    |       || name  | varchar(20) | YES  |     | NULL    |       |+-------+-------------+------+-----+---------+-------+2 rows in set (0.00 sec)<span aria-hidden="true" class="line-numbers-rows"><span></span><span></span><span></span><span></span><span></span><span></span><span></span><span></span></span></code></pre><p>为user8表id 添加主键约束：</p><pre class="line-numbers language-mysql" data-language="mysql"><code class="language-mysql">alter table user8 add primary key(id);<span aria-hidden="true" class="line-numbers-rows"><span></span></span></code></pre><p>添加主键约束后表结构如下：</p><pre class="line-numbers language-mysql" data-language="mysql"><code class="language-mysql">mysql&gt; desc user8;+-------+-------------+------+-----+---------+-------+| Field | Type        | Null | Key | Default | Extra |+-------+-------------+------+-----+---------+-------+| id    | int         | NO   | PRI | NULL    |       || name  | varchar(20) | YES  |     | NULL    |       |+-------+-------------+------+-----+---------+-------+2 rows in set (0.00 sec)<span aria-hidden="true" class="line-numbers-rows"><span></span><span></span><span></span><span></span><span></span><span></span><span></span><span></span></span></code></pre><p>将user8表id 删除主键约束：</p><pre class="line-numbers language-mysql" data-language="mysql"><code class="language-mysql">alter table user8 drop primary key;<span aria-hidden="true" class="line-numbers-rows"><span></span></span></code></pre><p>删除主键约束后表结构如下：</p><pre class="line-numbers language-mysql" data-language="mysql"><code class="language-mysql">mysql&gt; desc user8;+-------+-------------+------+-----+---------+-------+| Field | Type        | Null | Key | Default | Extra |+-------+-------------+------+-----+---------+-------+| id    | int         | NO   |     | NULL    |       || name  | varchar(20) | YES  |     | NULL    |       |+-------+-------------+------+-----+---------+-------+2 rows in set (0.00 sec)<span aria-hidden="true" class="line-numbers-rows"><span></span><span></span><span></span><span></span><span></span><span></span><span></span><span></span></span></code></pre><p>也可以再使用modify 修改字段从而添加主键约束：</p><pre class="line-numbers language-mysql" data-language="mysql"><code class="language-mysql">alter table user8 modify id int primary key;<span aria-hidden="true" class="line-numbers-rows"><span></span></span></code></pre><p>修改后查看表结构：</p><pre class="line-numbers language-mysql" data-language="mysql"><code class="language-mysql">mysql&gt; desc user8;+-------+-------------+------+-----+---------+-------+| Field | Type        | Null | Key | Default | Extra |+-------+-------------+------+-----+---------+-------+| id    | int         | NO   | PRI | NULL    |       || name  | varchar(20) | YES  |     | NULL    |       |+-------+-------------+------+-----+---------+-------+2 rows in set (0.00 sec)<span aria-hidden="true" class="line-numbers-rows"><span></span><span></span><span></span><span></span><span></span><span></span><span></span><span></span></span></code></pre><p>给主键设置自增：</p><pre class="line-numbers language-mysql" data-language="mysql"><code class="language-mysql">alter table user8 modify id int  auto_increment;<span aria-hidden="true" class="line-numbers-rows"><span></span></span></code></pre><p>给主键设置自增后表结构：</p><pre class="line-numbers language-mysql" data-language="mysql"><code class="language-mysql">mysql&gt; desc user8;+-------+-------------+------+-----+---------+----------------+| Field | Type        | Null | Key | Default | Extra          |+-------+-------------+------+-----+---------+----------------+| id    | int         | NO   | PRI | NULL    | auto_increment || name  | varchar(20) | YES  |     | NULL    |                |+-------+-------------+------+-----+---------+----------------+2 rows in set (0.01 sec)<span aria-hidden="true" class="line-numbers-rows"><span></span><span></span><span></span><span></span><span></span><span></span><span></span><span></span></span></code></pre>]]></content>
      
      
      <categories>
          
          <category> Mysql </category>
          
      </categories>
      
      
        <tags>
            
            <tag> Mysql </tag>
            
        </tags>
      
    </entry>
    
    
    
    <entry>
      <title>Git Github</title>
      <link href="posts/25144.html"/>
      <url>posts/25144.html</url>
      
        <content type="html"><![CDATA[<h2 id="Git"><a href="#Git" class="headerlink" title="Git"></a>Git</h2><pre class="line-numbers language-bash" data-language="bash"><code class="language-bash">brew <span class="token function">install</span> <span class="token function">git</span><span class="token function">which</span> <span class="token function">git</span> <span class="token comment">#查看git路径 确保使用最新的git</span><span class="token comment">#配置git</span><span class="token function">git</span> config --global user.name <span class="token string">"BingoLin"</span> <span class="token function">git</span> config --global user.email BingoLin@pm.me<span class="token comment">#配置ssh key</span>ssh-keygen -t rsa -C <span class="token string">"BingoLin@pm.me"</span><span class="token function">cat</span> /Users/bingolin/.ssh/id_rsa.pub <span class="token comment">#打开id_rsa.pub文件，复制里面的key 数据</span><span aria-hidden="true" class="line-numbers-rows"><span></span><span></span><span></span><span></span><span></span><span></span><span></span><span></span><span></span><span></span></span></code></pre><p>注册GitHub网站后，点击头像，setting ，找到ssh and GPG keys ,按提示添加 刚复制的 key 数据</p><pre class="line-numbers language-bash" data-language="bash"><code class="language-bash"><span class="token function">ssh</span> -T git@github.com <span class="token comment">#验证</span><span aria-hidden="true" class="line-numbers-rows"><span></span></span></code></pre><p>出现 Hi Bingo-Lin! You’ve successfully authenticated, but GitHub does not provide shell access. 即链接成功。</p>]]></content>
      
      
      <categories>
          
          <category> MacOS </category>
          
      </categories>
      
      
        <tags>
            
            <tag> Git </tag>
            
            <tag> Github </tag>
            
        </tags>
      
    </entry>
    
    
    
    <entry>
      <title>Git</title>
      <link href="posts/25246.html"/>
      <url>posts/25246.html</url>
      
        <content type="html"><![CDATA[<h2 id="Git"><a href="#Git" class="headerlink" title="Git"></a>Git</h2><pre class="line-numbers language-bash" data-language="bash"><code class="language-bash">brew <span class="token function">install</span> <span class="token function">git</span> <span class="token function">git</span> clone git@github.com:Bingo-Lin/Bingo-Lin.github.io.git  <span class="token comment">#将GitHub上的仓库克隆到本地 </span><span aria-hidden="true" class="line-numbers-rows"><span></span><span></span></span></code></pre><p>对本地仓库进行操作后</p><pre class="line-numbers language-bash" data-language="bash"><code class="language-bash"><span class="token function">git</span> <span class="token function">add</span> <span class="token builtin class-name">.</span> <span class="token comment">#将文件添加到本地仓库（ .代表添加所有文件 ）</span><span class="token function">git</span> commit -m <span class="token string">"添加本次提交的名称"</span>  <span class="token comment">#将文件提交到本地仓库</span><span class="token function">git</span> push <span class="token comment">#上传到GitHub</span><span class="token function">git</span> pull <span class="token comment">#从Github拉取最新更新并合并到本地仓库</span><span aria-hidden="true" class="line-numbers-rows"><span></span><span></span><span></span><span></span></span></code></pre>]]></content>
      
      
      <categories>
          
          <category> MacOS </category>
          
      </categories>
      
      
        <tags>
            
            <tag> Git </tag>
            
        </tags>
      
    </entry>
    
    
    
    <entry>
      <title>Mysql Install</title>
      <link href="posts/62688.html"/>
      <url>posts/62688.html</url>
      
        <content type="html"><![CDATA[<h2 id="Mysql"><a href="#Mysql" class="headerlink" title="Mysql"></a>Mysql</h2><pre class="line-numbers language-bash" data-language="bash"><code class="language-bash">brew <span class="token function">install</span> mysql mysql.server startmysql_secure_installation <span class="token comment">#根据提示设置</span><span aria-hidden="true" class="line-numbers-rows"><span></span><span></span><span></span></span></code></pre><p>注意一定要先运行第2步，再运行第3步，否则可能会出现以下错误：Error: Can’t connect to local MySQL server through socket ‘/tmp/mysql.sock’ (2)</p><h2 id="Create-user"><a href="#Create-user" class="headerlink" title="Create user"></a>Create user</h2><pre class="line-numbers language-bash" data-language="bash"><code class="language-bash">mysql -uroot -p<span aria-hidden="true" class="line-numbers-rows"><span></span></span></code></pre><p>输入管理员密码后进入mysql界面</p><pre class="line-numbers language-bash" data-language="bash"><code class="language-bash">create user <span class="token string">'xxx'</span>@<span class="token string">'%'</span> identified by <span class="token string">'xyz'</span><span class="token punctuation">;</span> <span class="token comment">#指定任何ip的名为xxx的用户登录,密码为xyz</span>grant all privileges  on *.*  to <span class="token string">"xxx"</span>@<span class="token string">'%'</span><span class="token punctuation">;</span> <span class="token comment">#授权xxx用户对所有数据库中文件有任何操作，此时xxx用户拥有除了grant这个命令外的所有的权限，grant这个命令是root才有的</span><span aria-hidden="true" class="line-numbers-rows"><span></span><span></span></span></code></pre>]]></content>
      
      
      <categories>
          
          <category> MacOS </category>
          
      </categories>
      
      
        <tags>
            
            <tag> Mysql </tag>
            
        </tags>
      
    </entry>
    
    
    
    <entry>
      <title>Youtube-dl</title>
      <link href="posts/1439.html"/>
      <url>posts/1439.html</url>
      
        <content type="html"><![CDATA[<h2 id="Youtube-dl"><a href="#Youtube-dl" class="headerlink" title="Youtube-dl"></a>Youtube-dl</h2><p>使用<code>--output-dir</code>/<code>-o</code> 设定输出路径,</p><pre class="line-numbers language-bash" data-language="bash"><code class="language-bash">youtube-dl -o <span class="token string">'/Volumes/BingoLinData/Downloads/%(title)s.%(ext)s'</span>  https://www.youtube.com/watch?v<span class="token operator">=</span>HOyTH0QQvwk<span aria-hidden="true" class="line-numbers-rows"><span></span></span></code></pre>]]></content>
      
      
      <categories>
          
          <category> MacOS </category>
          
      </categories>
      
      
        <tags>
            
            <tag> Youtube-dl </tag>
            
        </tags>
      
    </entry>
    
    
    
    <entry>
      <title>You-get</title>
      <link href="posts/21982.html"/>
      <url>posts/21982.html</url>
      
        <content type="html"><![CDATA[<h2 id="You-get"><a href="#You-get" class="headerlink" title="You-get"></a>You-get</h2><p>使用<code>--output-dir</code>/<code>-o</code> 设定输出路径, <code>--output-filename</code>/<code>-O</code> 设定输出文件名:</p><pre class="line-numbers language-bash" data-language="bash"><code class="language-bash">you-get -o /Volumes/BingoLinData/Downloads --format<span class="token operator">=</span>dash-flv  https://www.bilibili.com/video/BV1vv41177jq<span aria-hidden="true" class="line-numbers-rows"><span></span></span></code></pre>]]></content>
      
      
      <categories>
          
          <category> MacOS </category>
          
      </categories>
      
      
        <tags>
            
            <tag> You-get </tag>
            
        </tags>
      
    </entry>
    
    
    
    <entry>
      <title>Smartmontools</title>
      <link href="posts/7.html"/>
      <url>posts/7.html</url>
      
        <content type="html"><![CDATA[<h2 id="Smartmontools"><a href="#Smartmontools" class="headerlink" title="Smartmontools"></a>Smartmontools</h2><p>在Terminal执行以下命令:</p><pre class="line-numbers language-bash" data-language="bash"><code class="language-bash">brew <span class="token function">install</span> smartmontools <span class="token comment">#安装</span>diskutil list <span class="token comment">#查找要测试「卷」的驱动器标识符</span>smartctl -a /dev/disk0 <span class="token comment">#获取指定驱动器的 SMART 状态</span><span aria-hidden="true" class="line-numbers-rows"><span></span><span></span><span></span></span></code></pre>]]></content>
      
      
      <categories>
          
          <category> MacOS </category>
          
      </categories>
      
      
        <tags>
            
            <tag> Smartmontools </tag>
            
        </tags>
      
    </entry>
    
    
    
    <entry>
      <title>MNMP WordPress</title>
      <link href="posts/16928.html"/>
      <url>posts/16928.html</url>
      
        <content type="html"><![CDATA[<h2 id="Nginx"><a href="#Nginx" class="headerlink" title="Nginx"></a>Nginx</h2><p>1.安装</p><pre class="line-numbers language-bash" data-language="bash"><code class="language-bash">brew <span class="token function">install</span> nginxbrew services start nginx<span aria-hidden="true" class="line-numbers-rows"><span></span><span></span></span></code></pre><p>2.为方便管理，在 nginx 配置目录下的 <code>servers</code> 新增一个配置文件<a href="http://www.conf/">www.conf</a></p><pre class="line-numbers language-bash" data-language="bash"><code class="language-bash"><span class="token function">vim</span> /usr/local/etc/nginx/servers/www.conf<span aria-hidden="true" class="line-numbers-rows"><span></span></span></code></pre><p>并在<a href="http://www.conf中填充以下内容：">www.conf中填充以下内容：</a></p><pre class="line-numbers language-bash" data-language="bash"><code class="language-bash">server <span class="token punctuation">{</span>    listen       <span class="token number">80</span><span class="token punctuation">;</span>  <span class="token comment"># 如果需要域名访问的话，注意需要修改 /etc/hosts 文件</span>    <span class="token comment"># server_name  bingolin.dev;</span>  <span class="token comment"># 项目根目录</span>    root /Users/bingolin/www<span class="token punctuation">;</span>    location / <span class="token punctuation">{</span>        index index.php index.html<span class="token punctuation">;</span>        autoindex on<span class="token punctuation">;</span>    <span class="token punctuation">}</span><span class="token punctuation">}</span><span aria-hidden="true" class="line-numbers-rows"><span></span><span></span><span></span><span></span><span></span><span></span><span></span><span></span><span></span><span></span><span></span><span></span></span></code></pre><p>注意：最好每个项目都单独一个配置文件。从上面的配置中可以看出将项目放在用户下的 <code>www</code> 文件夹下，在这个文件夹中新建一个 html 文件：</p><pre class="line-numbers language-bash" data-language="bash"><code class="language-bash"><span class="token function">mkdir</span> ~/www<span class="token function">vim</span> ~/www/index.html<span aria-hidden="true" class="line-numbers-rows"><span></span><span></span></span></code></pre><p>重启一下 nginx 服务</p><pre class="line-numbers language-bash" data-language="bash"><code class="language-bash">brew services restart nginx<span aria-hidden="true" class="line-numbers-rows"><span></span></span></code></pre><p>访问刚刚配置的主机，在浏览器网址输入localhost就可以访问到上面这个 html 文件</p><h2 id="PHP"><a href="#PHP" class="headerlink" title="PHP"></a>PHP</h2><p>1.安装</p><pre class="line-numbers language-bash" data-language="bash"><code class="language-bash">brew <span class="token function">install</span> phpbrew services start php<span aria-hidden="true" class="line-numbers-rows"><span></span><span></span></span></code></pre><p>2.替换系统自带的 php-fpm：</p><pre class="line-numbers language-bash" data-language="bash"><code class="language-bash"><span class="token builtin class-name">echo</span> <span class="token string">'export PATH="/usr/local/opt/php/sbin:<span class="token environment constant">$PATH</span>"'</span> <span class="token operator">&gt;&gt;</span> ~/.zshrc<span class="token builtin class-name">source</span> ~/.zshrc<span aria-hidden="true" class="line-numbers-rows"><span></span><span></span></span></code></pre><p>3.查看版本信息：</p><pre class="line-numbers language-bash" data-language="bash"><code class="language-bash">php -vphp-fpm -v<span aria-hidden="true" class="line-numbers-rows"><span></span><span></span></span></code></pre><p>4.修改 nginx 的主机配置，使它支持 PHP</p><pre class="line-numbers language-bash" data-language="bash"><code class="language-bash"><span class="token function">vim</span> /usr/local/etc/nginx/servers/www.conf<span aria-hidden="true" class="line-numbers-rows"><span></span></span></code></pre><p>修改后的<a href="http://www.conf/">www.conf</a> 内容为：</p><pre class="line-numbers language-bash" data-language="bash"><code class="language-bash">server <span class="token punctuation">{</span>    listen       <span class="token number">80</span><span class="token punctuation">;</span>  <span class="token comment"># 如果需要域名访问的话，注意需要修改 /etc/hosts 文件</span>    <span class="token comment"># server_name  bingolin.dev;</span>  <span class="token comment"># 项目根目录</span>    root /Users/bingolin/www<span class="token punctuation">;</span>    location / <span class="token punctuation">{</span>        index index.php index.html<span class="token punctuation">;</span>        autoindex on<span class="token punctuation">;</span>    <span class="token punctuation">}</span>        <span class="token comment">#新增加的内容</span>    location ~ <span class="token punctuation">\</span>.php$ <span class="token punctuation">{</span>        fastcgi_pass   <span class="token number">127.0</span>.0.1:9000<span class="token punctuation">;</span>        fastcgi_index  index.php<span class="token punctuation">;</span>        fastcgi_param  SCRIPT_FILENAME  <span class="token variable">$document_root</span><span class="token variable">$fastcgi_script_name</span><span class="token punctuation">;</span>        include        fastcgi_params<span class="token punctuation">;</span>    <span class="token punctuation">}</span>    <span class="token punctuation">}</span><span aria-hidden="true" class="line-numbers-rows"><span></span><span></span><span></span><span></span><span></span><span></span><span></span><span></span><span></span><span></span><span></span><span></span><span></span><span></span><span></span><span></span><span></span><span></span><span></span><span></span><span></span></span></code></pre><p>5.重启 nginx 服务</p><pre class="line-numbers language-bash" data-language="bash"><code class="language-bash">brew services restart nginx<span aria-hidden="true" class="line-numbers-rows"><span></span></span></code></pre><p>6.在项目根目录新增一个 php 文件</p><pre class="line-numbers language-bash" data-language="bash"><code class="language-bash"><span class="token function">vim</span> ~/www/index.php<span aria-hidden="true" class="line-numbers-rows"><span></span></span></code></pre><p>内容为：</p><pre class="line-numbers language-bash" data-language="bash"><code class="language-bash"><span class="token operator">&lt;</span>?php    phpinfo<span class="token punctuation">(</span><span class="token punctuation">)</span><span class="token punctuation">;</span><span aria-hidden="true" class="line-numbers-rows"><span></span><span></span></span></code></pre><p>在浏览器网址输入localhost就可以访问到上面这个 php 文件</p><h2 id="Mysql"><a href="#Mysql" class="headerlink" title="Mysql"></a>Mysql</h2><p>详见Mysql Learning.md</p><p>电脑重新启动，以防止出现brew services  error </p><h2 id="Wordpress"><a href="#Wordpress" class="headerlink" title="Wordpress"></a>Wordpress</h2><p>1.安装</p><p>去官网下载Wordpress压缩包，并解压到之前的配置的用户下的 <code>www</code> 文件夹中</p><p>2.首先在在Mysql中建立一个名为Wordpress的数据库</p><pre class="line-numbers language-bash" data-language="bash"><code class="language-bash">mysql -uBingoLin -pcreate database Wordpress<span class="token punctuation">;</span><span aria-hidden="true" class="line-numbers-rows"><span></span><span></span><span></span></span></code></pre><p>3.通过浏览器访问 <code>localhost/wordpress</code> ，就可以看到一个 Wordpress 的安装界面，输入数据库相关的信息 ，就成功安装了。</p>]]></content>
      
      
      <categories>
          
          <category> MacOS </category>
          
      </categories>
      
      
        <tags>
            
            <tag> MNMP </tag>
            
            <tag> WordPress </tag>
            
        </tags>
      
    </entry>
    
    
    
    <entry>
      <title>MacOS Terminal Beautify</title>
      <link href="posts/26062.html"/>
      <url>posts/26062.html</url>
      
        <content type="html"><![CDATA[<p>从<code>MacOS Catalina</code>开始默认终端已经是<code>zsh</code>。</p><h2 id="准备工作"><a href="#准备工作" class="headerlink" title="准备工作"></a>准备工作</h2><p>使用以下命令可以查看当前终端，</p><pre class="line-numbers language-bash" data-language="bash"><code class="language-bash"><span class="token builtin class-name">echo</span> <span class="token environment constant">$SHELL</span><span aria-hidden="true" class="line-numbers-rows"><span></span></span></code></pre><p><strong>如果不是<code>/bin/zsh</code>，执行以下命令切换到<code>zsh</code>，否则跳过此步。</strong></p><pre class="line-numbers language-bash" data-language="bash"><code class="language-bash">chsh -s /bin/zsh<span aria-hidden="true" class="line-numbers-rows"><span></span></span></code></pre><h2 id="安装"><a href="#安装" class="headerlink" title="安装"></a>安装</h2><pre class="line-numbers language-bash" data-language="bash"><code class="language-bash">brew <span class="token function">install</span> <span class="token function">vim</span>brew <span class="token function">install</span> <span class="token function">git</span><span class="token comment"># 下载oh-my-zsh</span><span class="token function">git</span> clone https://github.com/robbyrussell/oh-my-zsh.git ~/.oh-my-zsh<span class="token comment"># 创建一个新的配置文件</span><span class="token function">cp</span> ~/.oh-my-zsh/templates/zshrc.zsh-template ~/.zshrc<span class="token comment"># 授权，如果不授权每次会有警告</span><span class="token function">chmod</span> <span class="token number">755</span> /usr/local/share/zsh<span class="token function">chmod</span> <span class="token number">755</span> /usr/local/share/zsh/site-functions<span aria-hidden="true" class="line-numbers-rows"><span></span><span></span><span></span><span></span><span></span><span></span><span></span><span></span><span></span><span></span><span></span><span></span></span></code></pre><p>退出并重启终端 command q</p><h2 id="常用插件"><a href="#常用插件" class="headerlink" title="常用插件"></a>常用插件</h2><pre class="line-numbers language-bash" data-language="bash"><code class="language-bash"><span class="token comment"># 下载命令高亮插件</span><span class="token function">git</span> clone https://github.com/zsh-users/zsh-syntax-highlighting ~/.zsh/zsh-syntax-highlighting<span class="token comment"># 配置插件生效</span><span class="token builtin class-name">echo</span> <span class="token string">'# 命令高亮<span class="token entity" title="\n">\n</span>source ~/.zsh/zsh-syntax-highlighting/zsh-syntax-highlighting.zsh'</span> <span class="token operator">&gt;&gt;</span> ~/.zshrc<span class="token comment"># 下载命令提示插件</span><span class="token function">git</span> clone https://github.com/zsh-users/zsh-autosuggestions ~/.zsh/zsh-autosuggestions<span class="token comment"># 配置插件生效</span><span class="token builtin class-name">echo</span> <span class="token string">'# 命令提示<span class="token entity" title="\n">\n</span>source ~/.zsh/zsh-autosuggestions/zsh-autosuggestions.zsh'</span> <span class="token operator">&gt;&gt;</span> ~/.zshrc<span aria-hidden="true" class="line-numbers-rows"><span></span><span></span><span></span><span></span><span></span><span></span><span></span><span></span><span></span><span></span><span></span></span></code></pre>]]></content>
      
      
      <categories>
          
          <category> MacOS </category>
          
      </categories>
      
      
        <tags>
            
            <tag> Terminal </tag>
            
        </tags>
      
    </entry>
    
    
    
    <entry>
      <title>Hello World</title>
      <link href="posts/16107.html"/>
      <url>posts/16107.html</url>
      
        <content type="html"><![CDATA[<p>Welcome to <a href="https://hexo.io/">Hexo</a>! This is your very first post. Check <a href="https://hexo.io/docs/">documentation</a> for more info. If you get any problems when using Hexo, you can find the answer in <a href="https://hexo.io/docs/troubleshooting.html">troubleshooting</a> or you can ask me on <a href="https://github.com/hexojs/hexo/issues">GitHub</a>.</p><h2 id="Quick-Start"><a href="#Quick-Start" class="headerlink" title="Quick Start"></a>Quick Start</h2><h3 id="Create-a-new-post"><a href="#Create-a-new-post" class="headerlink" title="Create a new post"></a>Create a new post</h3><pre class="line-numbers language-bash" data-language="bash"><code class="language-bash">$ hexo new <span class="token string">"My New Post"</span><span aria-hidden="true" class="line-numbers-rows"><span></span></span></code></pre><p>More info: <a href="https://hexo.io/docs/writing.html">Writing</a></p><h3 id="Run-server"><a href="#Run-server" class="headerlink" title="Run server"></a>Run server</h3><pre class="line-numbers language-bash" data-language="bash"><code class="language-bash">$ hexo server<span aria-hidden="true" class="line-numbers-rows"><span></span></span></code></pre><p>More info: <a href="https://hexo.io/docs/server.html">Server</a></p><h3 id="Generate-static-files"><a href="#Generate-static-files" class="headerlink" title="Generate static files"></a>Generate static files</h3><pre class="line-numbers language-bash" data-language="bash"><code class="language-bash">$ hexo generate<span aria-hidden="true" class="line-numbers-rows"><span></span></span></code></pre><p>More info: <a href="https://hexo.io/docs/generating.html">Generating</a></p><h3 id="Deploy-to-remote-sites"><a href="#Deploy-to-remote-sites" class="headerlink" title="Deploy to remote sites"></a>Deploy to remote sites</h3><pre class="line-numbers language-bash" data-language="bash"><code class="language-bash">$ hexo deploy<span aria-hidden="true" class="line-numbers-rows"><span></span></span></code></pre><p>More info: <a href="https://hexo.io/docs/one-command-deployment.html">Deployment</a></p>]]></content>
      
      
      
    </entry>
    
    
  
  
</search>
